<?xml version="1.0" encoding="UTF-8"?>
<project-private xmlns="http://www.netbeans.org/ns/project-private/1">
    <editor-bookmarks xmlns="http://www.netbeans.org/ns/editor-bookmarks/2" lastBookmarkId="0"/>
    <open-files xmlns="http://www.netbeans.org/ns/projectui-open-files/2">
        <group>
            <file>file:/H:/LAB211/Asg_3/Hospital_HR/src/Controller/EmpList.java</file>
            <file>file:/H:/LAB211/Asg_3/Hospital_HR/src/Controller/Menu.java</file>
            <file>file:/H:/LAB211/Asg_3/Hospital_HR/src/Controller/Utils.java</file>
            <file>file:/H:/LAB211/Asg_3/Hospital_HR/src/Model/Employee.java</file>
            <file>file:/H:/LAB211/Asg_3/Hospital_HR/src/View/Hospital_HR_Mng.java</file>
            <file>file:/H:/LAB211/Asg_3/Hospital_HR/src/Controller/FormatDate.java</file>
        </group>
    </open-files>
</project-private>
